Sr No,College Name,Avg Package (LPA),Tier,College Code
1,COEP Technological University,12-13,Tier 1,16006
2,"VJTI, Matunga, Mumbai",13-14,Tier 1,3012
3,"Sardar Patel Institute of Technology, Andheri",14-15,Tier 1,3215
4,Pune Institute of Computer Technology,11-12,Tier 1,6271
5,"Institute of Chemical Technology, Matunga",8-9,Tier 1,3036
6,"Dwarkadas J. Sanghvi College of Engineering, Vile Parle",10-11,Tier 1,3199
7,"Cummins College of Engineering for Women, Pune",12-13,Tier 1,6276
8,"Walchand College of Engineering, Sangli",10-11,Tier 1,6007
9,"Thadomal Shahani Engineering College, Bandra",8-9,Tier 1,6273
10,"Vishwakarma Institute of Technology, Pune",7-8,Tier 1,3182
11,"Pimpri Chinchwad College of Engineering, Pune",7-8,Tier 1,6175
12,"Vivekanand Education Society's Institute of Technology, Chembur",6-7,Tier 1,3185
13,"Laxminarayan Innovation Technological University, Nagpur",6-7,Tier 2,14005
14,"Fr. Conceicao Rodrigues College of Engineering, Bandra",6-7,Tier 2,3184
15,K J Somaiya Institute of Technology,5-6,Tier 2,3209
16,"Pune Vidyarthi Griha's College of Engineering, Pune",6-7,Tier 2,6274
17,"D.Y. Patil College of Engineering Akurdi, Pune",6-7,Tier 2,6272
18,"Government College of Engineering, Chhatrapati Sambhajinagar",5-6,Tier 2,2008
19,"Government College of Engineering, Amravati",5-6,Tier 2,1002
20,"Vidyalankar Institute of Technology, Wadala",5-6,Tier 2,3139
21,"Sardar Patel College of Engineering, Andheri",6-7,Tier 2,3014
22,"Government College of Engineering, Karad",5-6,Tier 2,6005
23,"Thakur College of Engineering and Technology, Kandivali",5-6,Tier 2,3176
24,"Government College of Engineering, Nagpur",5-6,Tier 2,4025
25,"FR. C. Rodrigues Institute of Technology, Vashi",5-6,Tier 2,3197
26,"AISSMS College of Engineering, Pune",5-6,Tier 2,6278
27,"AISSMS Institute of Information Technology, Pune",5-6,Tier 2,6282
28,"Rajarshi Shahu College of Engineering, Tathawade",5-6,Tier 2,6141
29,"Pimpri Chinchwad College of Engineering and Research, Ravet",5-6,Tier 2,6822
30,"Shri Guru Gobind Singhji Institute of Engineering, Nanded",5-6,Tier 2,2020
31,"MIT Academy of Engineering, Alandi",5-6,Tier 2,6146
32,"Don Bosco Institute of Technology, Mumbai",5-6,Tier 2,3208
33,"International Institute of Information Technology (I²IT), Pune",5-6,Tier 2,6754
34,"D.Y. Patil Institute of Technology, Pimpri",5-6,Tier 2,6207
35,"Marathwada Mitra Mandal's College of Engineering, Pune",5-6,Tier 2,6156
36,"St. Francis Institute of Technology, Borivali",5-6,Tier 2,3204
37,"Kolhapur Institute of Technology's College of Engineering, Kolhapur",5-6,Tier 2,6267
38,"Rajiv Gandhi Institute of Technology, Mumbai",5-6,Tier 2,3135
39,"Xavier Institute of Engineering, Mahim",5-6,Tier 2,3214
40,"Government College of Engineering & Research, Avasari Khurd",5-6,Tier 2,6004
41,"Government College of Engineering & Research, Avasari Khurd (duplicate)",5-6,Tier 2,6004
42,"Modern College of Engineering, Pune",5-6,Tier 2,6139
43,"K. K. Wagh Institute of Engineering, Nashik",5-6,Tier 2,5121
44,"S.I.E.S. Graduate School of Technology, Navi Mumbai",5-6,Tier 2,3211
45,"University Dept. of Chemical Technology, Aurangabad",4-5,Tier 3,2021
46,"Yeshwantrao Chavan College of Engineering, Nagpur",4-5,Tier 3,4167
47,"Thakur Shyamnarayan Engineering College, Mumbai",4-5,Tier 3,3143
48,"Bharati Vidyapeeth College of Engineering, Navi Mumbai",4-5,Tier 3,3189
49,"Sinhgad College of Engineering, Vadgaon, Pune",4-5,Tier 3,6177
50,"Institute of Chemical Technology, Jalna",4-5,Tier 3,2032
51,"Atharva College of Engineering, Malad",4-5,Tier 3,3203
52,"Bharati Vidyapeeth's College of Engineering, Lavale",4-5,Tier 3,6796
53,"Shri Sant Gajanan Maharaj College of Engineering, Shegaon",4-5,Tier 3,1101
54,"Shah & Anchor Kutchhi Engineering College, Mumbai",4-5,Tier 3,3148
55,"Bharati Vidyapeeth's College of Engineering for Women, Pune",4-5,Tier 3,6285
56,"Pillai College of Engineering, New Panvel",4-5,Tier 3,3207
57,"Wadia College of Engineering, Pune",4-5,Tier 3,6281
58,"Terna Engineering College, Navi Mumbai",4-5,Tier 3,3190
59,"G.H. Raisoni College of Engineering & Management, Wagholi",4-5,Tier 3,6155
60,"Rajarambapu Institute of Technology, Walwa, Sangli",4-5,Tier 3,6214
61,"Vidyavardhini's College of Engineering, Vasai",4-5,Tier 3,3194
62,"JSPM's Jaywantrao Sawant College of Engineering, Pune",4-5,Tier 3,6145
63,"Kamalnayan Bajaj Institute of Engineering, Baramati",4-5,Tier 3,6284
64,"Datta Meghe College of Engineering, Airoli",4-5,Tier 3,3187
65,"Vasantdada Patil Pratishthan's College of Engineering, Sion",4-5,Tier 3,3188
66,"Usha Mittal Institute of Technology, Mumbai",8-9,Tier 2,3035
67,"Smt. Kashibai Navale College of Engineering, Vadgaon",4-5,Tier 3,6178
68,"Textile & Engineering Institute, Ichalkaranji",4-5,Tier 3,6222
69,"Sanjivani College of Engineering, Kopargaon",4-5,Tier 3,5160
70,"Government College of Engineering, Jalgaon",4-5,Tier 3,5004
71,"Rizvi College of Engineering, Bandra",4-5,Tier 3,3201
72,Shri Bhagubhai Mafatlal Polytechnic & College of Engineering,4-5,Tier 3,3025
73,"JSPM Narhe Technical Campus, Pune",4-5,Tier 3,6755
74,"A. P. Shah Institute of Technology, Thane",4-5,Tier 3,3475
75,"Lokmanya Tilak College of Engineering, Navi Mumbai",4-5,Tier 3,3196
76,"K. K. Wagh Institute of Engineering Education and Research, Nashik",5-6,Tier 2,5121
77,"Pune Vidyarthi Griha's College of Engineering, Nashik",3-4,Tier 3,5330
78,"Amrutvahini College of Engineering, Sangamner",3-4,Tier 3,5162
79,"Government College of Engineering, Kolhapur",3-4,Tier 3,6036
80,"Walchand Institute of Technology, Solapur",3-4,Tier 3,6265
81,"G.H. Raisoni College of Engineering, Nagpur",3-4,Tier 3,4116
82,"Indira College of Engineering & Management, Pune",3-4,Tier 3,6179
83,"NBN Sinhgad Technical Institutes Campus, Pune",3-4,Tier 3,6772
84,"Karmaveer Adv. Baburao Thakare College of Engineering, Nashik",3-4,Tier 3,5108
85,"Smt. Indira Gandhi College of Engineering, Navi Mumbai",3-4,Tier 3,3192
86,"Saraswati College of Engineering, Kharghar",3-4,Tier 3,3154
87,"Sinhgad Institute of Technology and Science, Narhe",3-4,Tier 3,6182
88,"Ajeenkya DY Patil School of Engineering, Lohegaon",3-4,Tier 3,6732
89,"Pd. Vasantdada Patil Institute of Technology, Bavdhan",3-4,Tier 3,6122
90,"Marathwada Mitra Mandal's Institute of Technology, Lohgaon",3-4,Tier 3,6203
91,"Sant Gadge Baba Amravati University, Amravati",3-4,Tier 3,1005
92,"Nutan Maharashtra Institute of Engineering & Technology, Pune",3-4,Tier 3,6310
93,"Prof. Ram Meghe Institute of Technology & Research, Amravati",3-4,Tier 3,1105
94,"M.H. Saboo Siddik College of Engineering, Mumbai",3-4,Tier 3,3183
95,"MET League's Engineering College, Nashik",3-4,Tier 3,5151
96,"ST. Vincent Pallotti College of Engineering, Nagpur",3-4,Tier 3,4174
97,"Annasaheb Chudaman Patil College of Engineering, Navi Mumbai",3-4,Tier 3,3146
98,"Finolex Academy of Management and Technology, Ratnagiri",3-4,Tier 3,3200
99,"Sinhgad Academy of Engineering, Kondhwa, Pune",3-4,Tier 3,6187
100,"G H Raisoni College of Engineering & Management, Nagpur",3-4,Tier 3,4142
101,"Shree L.R. Tiwari College of Engineering, Mira Road",3-4,Tier 3,3423
102,"Zeal College of Engineering & Research, Narhe",3-4,Tier 3,6298
103,"D.Y. Patil College of Engineering and Technology, Kolhapur",3-4,Tier 3,6250
104,"Bhivarabai Sawant Institute of Technology & Research, Wagholi",3-4,Tier 3,6311
105,"R. C. Patel Institute of Technology, Shirpur",3-4,Tier 3,5172
106,"Vidya Prasarak Mandal's College of Engineering, Thane",3-4,Tier 3,3257
107,"Cummins College of Engineering For Women, Nagpur",3-4,Tier 3,4304
108,"Gondia Education Society's Manoharbhai Patel Institute Of Engineering & Technology, Shahapur, Bhandara",3-4,Tier 3,4302
109,"Maratha Vidya Prasarak Samaj's Karmaveer Adv. Baburao Ganpatrao Thakare College Of Engineering, Nashik",3-4,Tier 3,5108
110,"MET Bhujbal Knowledge City MET League's Engineering College, Adgaon, Nashik.",3-4,Tier 3,5151
111,"Rasiklal M. Dhariwal Sinhgad Technical Institutes Campus, Pune",2–3,Tier 4,6769
112,"M.G.M.'s College of Engineering and Technology, Navi Mumbai",2–3,Tier 4,3175
113,"University Institute of Chemical Technology, Jalgaon",2–3,Tier 4,5003
114,"Government College of Engineering, Yavatmal",2–3,Tier 4,1012
115,"Dhole Patil College of Engineering, Wagholi",2–3,Tier 4,6307
116,"K.C. College of Engineering, Kopri, Thane",2–3,Tier 4,3210
117,"Deogiri Institute of Engineering and Management Studies, Aurangabad",2–3,Tier 4,2114
118,"New Horizon Institute of Technology & Management, Thane",2–3,Tier 4,3471
119,Sinhgad Institute of Technology,2–3,Tier 4,6185
120,"Shri Vithal Education and Research Institute, Pandharpur",2–3,Tier 4,6220
121,"Anantrao Pawar College of Engineering & Research, Pune",2–3,Tier 4,6794
122,"Shivnagar Vidya Prasarak Mandal's College of Engineering, Baramati",2–3,Tier 4,6275
123,"Shivajirao S. Jondhale College of Engineering, Dombivali",2–3,Tier 4,3193
124,"Priyadarshani College of Engineering, Nagpur",2–3,Tier 4,4123
125,"P. R. Pote Patil College of Engineering, Amravati",2–3,Tier 4,1107
126,"Trinity Academy of Engineering, Yewalewadi",2–3,Tier 4,6634
127,"S K N Sinhgad College of Engineering, Pandharpur",2–3,Tier 4,6643
128,"Annasaheb Dange College of Engineering, Ashta, Sangli",2–3,Tier 4,6283
129,"Pravara Rural College of Engineering, Loni",2–3,Tier 4,5139
130,"Bhivarabai Sawant College of Engineering and Research, Narhe",2–3,Tier 4,6649
131,"Sipna College of Engineering & Technology, Amravati",2–3,Tier 4,1114
132,"Pillai HOC College of Engineering & Technology, Raigad",2–3,Tier 4,3223
133,"Government College of Engineering, Chandrapur",2–3,Tier 4,4004
134,"ISBM College of Engineering, Pune",2–3,Tier 4,6622
135,"VIVA Institute of Technology, Virar",2–3,Tier 4,3221
136,"Dr. D.Y. Patil College of Engineering & Innovation, Talegaon",2–3,Tier 4,6834
137,"R.H. Sapat College of Engineering, Nashik",2–3,Tier 4,5181
138,"PDEA's College of Engineering, Manjari, Pune",2–3,Tier 4,6206
139,"Chhatrapati Shivaji Maharaj Institute of Technology, Panvel",2–3,Tier 4,3477
140,Pravin Rohidas Patil College of Engineering & Technology,2–3,Tier 4,3277
141,"Maharashtra Institute of Technology, Aurangabad",2–3,Tier 4,2113
142,"Genba Sopanrao Moze College of Engineering, Baner-Balewadi",2–3,Tier 4,6144
143,"Parvatibai Genba Moze College of Engineering, Wagholi",2–3,Tier 4,6138
144,"Tatyasaheb Kore Institute of Engineering, Warananagar",2–3,Tier 4,6268
145,"Prof Ram Meghe College of Engineering, Badnera",2–3,Tier 4,1128
146,"St. John College of Engineering & Management, Palghar",2–3,Tier 4,3218
147,"SVKM's Institute of Technology, Dhule",2–3,Tier 4,5545
148,"S.S.P.M.'s College of Engineering, Kankavli",2–3,Tier 4,3206
149,"SKN Sinhgad Institute of Technology & Science, Pune",2–3,Tier 4,6770
150,"Trinity College of Engineering and Research, Pisoli",2–3,Tier 4,6184
151,"Mahatma Gandhi Missions College of Engineering, Nanded",2–3,Tier 4,2127
152,"Alard College of Engineering and Management, Pune",2–3,Tier 4,6325
153,"Universal College of Engineering, Palghar",2–3,Tier 4,6625
154,"Priyadarshini J. L. College of Engineering, Nagpur",2–3,Tier 4,4123
155,"Nagesh Karajagi Orchid College of Engineering, Solapur",2–3,Tier 4,6223
156,"Bajaj Institute of Technology, Wardha",2–3,Tier 4,4649
157,"Dr. Babasaheb Ambedkar Technological University, Lonere",2–3,Tier 4,3033
158,"N. B. Navale Sinhgad College of Engineering, Solapur",2–3,Tier 4,6640
159,"Dr. Vithalrao Vikhe Patil College of Engineering, Ahmednagar",2–3,Tier 4,5161
160,"Bharati Vidyapeeth's College of Engineering, Kolhapur",2–3,Tier 4,6288
161,"CSMSS Chh. Shahu College of Engineering, Aurangabad",2–3,Tier 4,2533
162,"Sandip Institute of Technology, Nashik",2–3,Tier 4,5109
163,"Guru Gobind Singh College of Engineering, Nashik",2–3,Tier 4,5418
164,"Yadavrao Tasgaonkar Institute of Engineering, Karjat",2–3,Tier 4,3147
165,"Bharat College of Engineering, Badlapur",2–3,Tier 4,3351
166,"Mauli Group of Institutions, Shegaon",2–3,Tier 4,1265
167,"S. B. Jain Institute of Technology, Nagpur",2–3,Tier 4,4137
168,"M.S. Bidve Engineering College, Latur",2–3,Tier 4,2129
169,"Department of Technology, Shivaji University, Kolhapur",2–3,Tier 4,6028
170,"SNJB's Kantabai Bhavarlalji Jain College of Engineering, Nashik",2–3,Tier 4,5173
171,"Shivajirao S. Jondhale College of Engineering & Technology, Thane",2–3,Tier 4,3217
172,"Dr. J.J. Magdum College of Engineering, Jaysingpur",2–3,Tier 4,6277
173,"Dr. D.Y. Patil Technical Campus, Varale, Talegaon",2–3,Tier 4,6991
174,"Jawaharlal Darda Institute of Engineering, Yavatmal",2–3,Tier 4,1120
175,"Karmaveer Bhaurao Patil College of Engineering, Satara",2–3,Tier 4,6270
176,"MET's Institute of Technology, Nashik",2–3,Tier 4,5244
177,"Priyadarshini Bhagwati College of Engineering, Nagpur",2–3,Tier 4,4177
178,"Watumull Institute of Engineering & Technology, Ulhasnagar",2–3,Tier 4,3212
179,"Aurangabad College of Engineering, Aurangabad",2–3,Tier 4,2250
180,"Konkan Gyanpeeth College of Engineering, Karjat",2–3,Tier 4,3198
181,Yashwantrao Bhonsale Institute of Technology,2–3,Tier 4,3470
182,"K.J. College of Engineering & Management Research, Pisoli",2–3,Tier 4,6320
183,Sanjay Ghodawat Institute,2–3,Tier 4,6811
184,"Anjuman-I-Islam's Kalsekar Technical Campus, Panvel",2–3,Tier 4,3439
185,"Sant Gajanan Maharaj College of Engineering, Gadhinglaj",2–3,Tier 4,6803
186,"K.D.K. College of Engineering, Nagpur",2–3,Tier 4,4147
187,"Shri Hanuman Vyayam Prasarak Mandal's College of Engineering, Amravati",2–3,Tier 4,1121
188,"Dr. D Y Patil Pratishthan's College of Engineering, Kolhapur",2–3,Tier 4,6839
189,"Shramsadhana Bombay Trust, College of Engineering, Jalgaon",2–3,Tier 4,5104
190,"Vishwaniketan's iMEET, Khalapur",2–3,Tier 4,3467
191,"Ideal Institute of Technology, Wada, Thane",2–3,Tier 4,3465
192,"Sharad Institute of Technology College of Engineering, Ichalkaranji",2–3,Tier 4,6317
193,"VPM's Maharshi Parshuram College of Engineering, Ratnagiri",2–3,Tier 4,3462
194,"P.K. Technical Campus, Pune",2–3,Tier 4,6768
195,"Shree Ramchandra College of Engineering, Lonikand",2–3,Tier 4,6759
196,"Siddhant College of Engineering, Maval, Pune",2–3,Tier 4,6149
197,"Rajendra Mane College of Engineering, Ratnagiri",2–3,Tier 4,3202
198,"R.C. Patel College of Engineering and Polytechnic, Shirpur",2–3,Tier 4,5433
199,"Keystone School of Engineering, Pune",2–3,Tier 4,6808
200,"Loknete Gopinathji Munde Institute of Engineering, Nashik",2–3,Tier 4,5390
201,"Jaihind College of Engineering, Kuran",2–3,Tier 4,6609
202,"Sandip Institute of Engineering & Management, Nashik",2–3,Tier 4,5331
203,"Peoples Education Society's College of Engineering, Aurangabad",2–3,Tier 4,2134
204,"Shri Chhatrapati Shivaji Maharaj College of Engineering, Nepti",2–3,Tier 4,5382
205,"Kavi Kulguru Institute of Technology & Science, Ramtek",2–3,Tier 4,4104
206,"Theem College of Engineering, Boisar",2–3,Tier 4,3222
207,"Dr. Daulatrao Aher College of Engineering, Karad",2–3,Tier 4,6303
208,"Indala College of Engineering, Bapsai, Kalyan",2–3,Tier 4,3503
209,"Anuradha Engineering College, Chikhali",2–3,Tier 4,1119
210,"Vidya Prasarini Sabha's College of Engineering, Lonavala",2–3,Tier 4,6815
211,"D.Y. Patil Technical Campus, Talsande, Kolhapur",2–3,Tier 4,6780
212,"Matoshri College of Engineering, Eklahare, Nashik",2–3,Tier 4,5177
213,"Sahyadri Valley College of Engineering, Rajuri, Pune",2–3,Tier 4,6758
214,Yadavrao Tasgaonkar College of Engineering & Management,2–3,Tier 4,3220
215,"G.V. Acharya Institute of Engineering and Technology, Karjat",2–3,Tier 4,3224
216,"Pad. Vasantraodada Patil Institute of Technology, Budhgaon",2–3,Tier 4,6269
217,"Dr. Rajendra Gode Institute of Technology, Amravati",2–3,Tier 4,1123
218,"Sir Visvesvaraya Institute of Technology, Chincholi, Nashik",2–3,Tier 4,5125
219,"Shri Shivaji Education Society's College of Engineering, Akola",2–3,Tier 4,1116
220,"J D College of Engineering and Management, Nagpur",2–3,Tier 4,4138
221,"S.N.D. College of Engineering & Research, Babulgaon",2–3,Tier 4,5124
222,"Al-Ameen College of Engineering, Koregaon Bhima",2–3,Tier 4,6183
223,"Gharda Institute of Technology, Khed, Ratnagiri",2–3,Tier 4,3216
224,Navsahyadri Education Society's Group of Institutions,2–3,Tier 4,6632
225,"Late Bapusaheb Shivaji Rao Deore College of Engineering, Dhule",2–3,Tier 4,5103
226,Devi Mahalaxmi College of Engineering and Technology,2–3,Tier 4,3546
227,"Tulsiramji Gaikwad Patil College of Engineering, Nagpur",2–3,Tier 4,4151
228,"G H Raisoni College of Engineering and Management, Jalgaon",2–3,Tier 4,5152
229,"Loknete Shamrao Peje Government College of Engineering, Ratnagiri",2–3,Tier 4,3042
230,"Guru Nanak Institute of Engineering & Technology, Nagpur",2–3,Tier 4,4134
231,"Group of Institutions (Integrated Campus), Kashti Shrigondha",2–3,Tier 4,5303
232,"Rajiv Gandhi College of Engineering Research & Technology, Chandrapur",2–3,Tier 4,4163
233,"Manav School of Engineering & Technology, Akola",2–3,Tier 4,1276
234,"Late Gambhirrao Natuba Sapkal College of Engineering, Nashik",2–3,Tier 4,5182
235,"Sharadchandra Pawar College of Engineering, Dumbarwadi",2–3,Tier 4,6322
236,"A.G. Patil Institute of Technology, Solapur",2–3,Tier 4,6308
237,"Tatyasaheb Kore Institute of Engineering and Technology, Yelur",2–3,Tier 4,6268
238,"Terna Public Charitable Trust's College of Engineering, Osmanabad",2–3,Tier 4,2130
239,"B.R. Harne College of Engineering & Technology, Ambernath",2–3,Tier 4,3436
240,Samarth College of Engineering and Management,2–3,Tier 4,6635
241,"Jhulelal Institute of Technology, Nagpur",2–3,Tier 4,4139
242,"Shree Siddheshwar Women's College of Engineering, Solapur",2–3,Tier 4,6938
243,"Brahma Valley College of Engineering & Research, Nashik",2–3,Tier 4,5130
244,"Yashoda Technical Campus, Wadhe, Satara",2–3,Tier 4,6757
245,"Suryodaya College of Engineering & Technology, Nagpur",2–3,Tier 4,4613
246,"Shreeyash College of Engineering and Technology, Aurangabad",2–3,Tier 4,2112
247,"Jagdambha College of Engineering and Technology, Yavatmal",2–3,Tier 4,1127
248,"Dilkap Research Institute of Engineering, Karjat",2–3,Tier 4,3353
249,"Wainganga College of Engineering and Management, Nagpur",2–3,Tier 4,4145
250,"Matsyodari Shikshan Sansatha's College of Engineering, Jalna",2–3,Tier 4,2138
251,"D.N. Patel College of Engineering, Shahada, Nandurbar",2–3,Tier 4,5164
252,"Vilasrao Deshmukh Foundation Group of Institutions, Latur",2–3,Tier 4,2254
253,"Khandesh College of Engineering And Management, Jalgaon",2–3,Tier 4,5106
254,"Shri Chhatrapati Shivajiraje College of Engineering, Bhor",2–3,Tier 4,
255,"Vishwabharati Academy's College of Engineering, Ahmednagar",2–3,Tier 4,5179
256,"College of Engineering and Technology, North Maharashtra, Jalgaon",2–3,Tier 4,5396
257,"Babasaheb Naik College of Engineering, Pusad",2–3,Tier 4,1117
258,"Flora Institute of Technology, Khed Shivapur, Pune",2–3,Tier 4,6771
259,"Shri Shivaji Institute of Engineering and Management Studies, Parbhani",2–3,Tier 4,2252
260,"Sharadchandra Pawar College of Engineering & Technology, Someshwar Nagar",2–3,Tier 4,6795
261,"Padmashri Dr. V.B. Kolte College of Engineering, Malkapur",2–3,Tier 4,1182
262,"Shatabdi Institute of Engineering & Research, Sinnar",2–3,Tier 4,5184
263,"Dnyanshree Institute Engineering and Technology, Satara",2–3,Tier 4,6797
264,"Smt. Alamuri Ratnamala Institute of Engineering, Shahapur",2–3,Tier 4,3219
265,"Godavari College of Engineering, Jalgaon",2–3,Tier 4,5171
266,"Takshashila Institute of Engineering & Technology, Amravati",2–3,Tier 4,1126
267,"MIT College of Railway Engineering and Research, Barshi",2–3,Tier 4,6901
268,"Sanghavi College of Engineering, Varvandi, Nashik",2–3,Tier 4,5399
269,"Anjuman College of Engineering & Technology, Nagpur",2–3,Tier 4,4172
270,"Matoshri Pratishan's Group of Institutions, Nanded",2–3,Tier 4,2116
271,"Gurunanak Institute of Technology, Nagpur",2–3,Tier 4,4196
272,"Shri. Jaykumar Rawal Institute of Technology, Dondaicha",2–3,Tier 4,5381
273,"Nagpur Institute of Technology, Nagpur",2–3,Tier 4,4144
274,"Institute of Technology, Management & Research, Nashik",2–3,Tier 4,5401
275,"Smt. Radhikatai Pandav College of Engineering, Nagpur",2–3,Tier 4,4133
276,Atma Malik Institute of Technology & Research,2–3,Tier 4,3445
277,"Adarsh Institute of Technology and Research Centre, Vita, Sangli",2–3,Tier 4,6304
278,Karmayogi Institute of Technology,2–3,Tier 4,6326
279,"Dr. Bapuji Salunkhe Institute of Engineering & Technology, Kolhapur",2–3,Tier 4,6468
280,"Suman Ramesh Tulsiani Technical Campus, Kamshet",2–3,Tier 4,6767
281,Ashokrao Mane Group of Institutions,2–3,Tier 4,6217
282,"Mahatma Basaweshwar Education Society's College of Engineering, Ambejogai",2–3,Tier 4,2133
283,"Rajarshi Shahu College of Engineering, Buldhana",2–3,Tier 4,1125
284,"Nanasaheb Mahadik College of Engineering, Walwa, Sangli",2–3,Tier 4,6762
285,"Shree Santkrupa Institute of Engineering & Technology, Karad",2–3,Tier 4,6466
286,"J.T. Mahajan College of Engineering, Faizpur",2–3,Tier 4,5168
287,"Shankarrao Mohite Patil Institute of Technology, Akluj",2–3,Tier 4,6782
288,"Fabtech Technical Campus College of Engineering, Sangola",2–3,Tier 4,6756
289,"Vidharbha Institute of Technology, Nagpur",2–3,Tier 4,4193
290,"Dattakala Group of Institutions, Daund, Pune",2–3,Tier 4,6628
291,"Siddhivinayak Technical Campus, Nile",2–3,Tier 4,1268
292,"P.G. College of Engineering & Technology, Nandurbar",2–3,Tier 4,5497
293,"New Institute of Technology, Kolhapur",2–3,Tier 4,6402
294,"Matoshri Asarabai Polytechnic, Nashik",2–3,Tier 4,5256
295,"Matoshri Institute of Technology, Dhanore, Nashik",2–3,Tier 4,5263
296,Sanjeevan Group of Institutions,2–3,Tier 4,6315
297,"Ballarpur Institute of Technology, Bhandara",2–3,Tier 4,4188
298,"Hi-Tech Institute of Technology, Aurangabad",2–3,Tier 4,2135
299,International Centre of Excellence in Engineering (ICEEM),2–3,Tier 4,2516
300,"Shree Govindrao Vanjari College of Engineering, Nagpur",2–3,Tier 4,4135
301,"Gramin Technical and Management Campus, Nanded",2–3,Tier 4,2508
302,"G.M. Vedak Institute of Technology, Tala, Raigad",2–3,Tier 4,3447
303,"Dr. A. D. Shinde College of Engineering, Kolhapur",2–3,Tier 4,6878
304,"Shri Sant Gadgebaba College of Engineering, Bhusawal",2–3,Tier 4,5170
305,"Vidya Vikas Pratishthan Institute of Engineering, Solapur",2–3,Tier 4,6321
306,"Aditya Engineering College, Beed",2–3,Tier 4,2136
307,"Gangamai College of Engineering, Dhule",2–3,Tier 4,5169
308,"Sanmati Engineering College, Washim",2–3,Tier 4,1180
309,"Bapurao Deshmukh College of Engineering, Sevagram",2–3,Tier 4,4118
310,"Bramhadevdada Mane Institute of Technology, Solapur",2–3,Tier 4,6293
311,"Metropolitan Institute of Technology & Management, Sindhudurg",2–3,Tier 4,3440
312,"Adsul's Technical Campus, Ahmednagar",2–3,Tier 4,5380
313,"Pankaj Laddhad Institute of Technology & Management Studies, Buldhana",2–3,Tier 4,1130
314,"Karanjekar College of Engineering & Management, Sakoli",2–3,Tier 4,4679
315,"Sanjay Bhokare Group of Institutes, Miraj",2–3,Tier 4,6644
316,"Sandipani Technical Campus, Latur",2–3,Tier 4,2522
317,"Shri Shankarprasad Agnihotri College of Engineering, Wardha",2–3,Tier 4,4175
318,Dr. V.K. Patil College of Engineering & Technology,2–3,Tier 4,2641
319,"Arvind Gavali College of Engineering, Satara",2–3,Tier 4,6545
320,"Vidya Niketan College of Engineering, Sangamner",2–3,Tier 4,5408
321,"Nagarjuna Institute of Engineering Technology & Management, Nagpur",2–3,Tier 4,4192
322,"Manoharbhai Patel Institute of Engineering & Technology, Bhandara",2–3,Tier 4,4302
323,"Mandukarrao Pandav College of Engineering, Bhandara",2–3,Tier 4,4143
324,"Everest Education Society Group of Institutions, Ohar",2–3,Tier 4,2111
325,"Jaywant College of Engineering & Polytechnic, Sangali",2–3,Tier 4,6313
326,"Rajiv Gandhi College of Engineering, Ahmednagar",2–3,Tier 4,5409
327,"Phaltan Education Society's College of Engineering, Satara",2–3,Tier 4,6766
328,"Shri Sai College of Engineering & Technology, Bhadrawati",2–3,Tier 4,4190
329,"Ahinsa Institute of Technology, Dhule",2–3,Tier 4,5365
330,"S.B. Patil College of Engineering, Indapur",2–3,Tier 4,6319
331,"Bhagwant Institute of Technology, Barshi",2–3,Tier 4,6781
332,"Shri. Anandrao Abitkar College of Engineering, Pal",2–3,Tier 4,16121
333,"Agnihotri College of Engineering, Sindhi(Meghe)",2–3,Tier 4,4197
334,"Shriram Institute of Engineering & Technology, Paniv",2–3,Tier 4,6444
335,"Samajbhushan Eknathrao Dhakane College of Engineering, Shevgaon",2–3,Tier 4,5370
336,"Shree Tuljabhavani College of Engineering, Tuljapur",2–3,Tier 4,2131
337,"Swaminarayan Siddhanta Institute of Technology, Nagpur",2–3,Tier 4,4181
338,"Appasaheb Alias Sa.Re.Patil Institute of Technology, Kolhapur",2–3,Tier 4,6714
339,"K. T. Patil College of Engineering and Technology, Osmanabad",2–3,Tier 4,2146
340,Mangaldeep College of Engineering,2–3,Tier 4,2666
341,"Nagnathappa Halge Engineering College, Parli, Beed",2–3,Tier 4,2137
342,"Shri Swami Samarth Institute of Management and Technology, Nashik",2–3,Tier 4,5509
343,"Maulana Mukhtar Ahmad Nadvi Technical Campus, Malegaon",2–3,Tier 4,5411
344,"Bharat-Ratna Indira Gandhi College of Engineering, Solapur",2–3,Tier 4,6219
345,"MKD Institute of Technology, Nandurbar",2–3,Tier 4,5513
346,"R.V. Parankar College of Engineering & Technology, Wardha",2–3,Tier 4,4648
347,"Jamia Institute of Engineering And Management Studies, Akkalkuwa",2–3,Tier 4,5239
348,"Mitthulalji Sarada Polytechnic, Beed",2–3,Tier 4,2282
349,"Abhinav Education Society's College of Engineering, Wadwadi",2–3,Tier 4,6318
350,"V M Institute of Engineering and Technology, Nagpur",2–3,Tier 4,4141
351,"Sangli Vishveshwarya Technical Campus, Miraj",2–3,Tier 4,6799
352,"Late Narayandas Bhawandas Chhabada Institute of Engineering, Satara",2–3,Tier 4,6305
353,"Jijau Institute of Engineering Technology and Management, Nanded",2–3,Tier 4,2637
354,"Vilasrao Deshmukh College of Engineering and Technology, Nagpur",2–3,Tier 4,4141
355,"R.V. Parankar College of Engineering & Technology, Arvi, Dist Wardha",2-3,Tier 4,4648
356,JAMIA INSTITUTE OF TECHNOLOGY,2-3,Tier 4,5239
357,"MKD Institute of Technology, Nadurbar",2-3,Tier 4,5513
358,"Shri Swami Samarth Institute of Management and Technology, Malwadi-Bota",2-3,Tier 4,5509
359,"University Institute of Chemical Technology, North Maharashtra University, Jalgaon",2-3,Tier 4,5003
360,"Gokhale Education Society's, R.H. Sapat College of Engineering, Management Studies and Research, Nashik",2-3,Tier 4,5181
361,"Shri Vile Parle Kelavani Mandal's College of Engineering, Shirpur",2-3,Tier 4,5545
362,"Sandip Foundation, Sandip Institute of Technology and Research Centre, Mahiravani, Nashik",2-3,Tier 4,5109
363,"Guru Gobind Singh College of Engineering & Research Centre, Nashik.",2-3,Tier 4,5418
364,"MET's Institute of Technology Polytechnic, Bhujbal Knowledge City, Adgaon Nashik",2-3,Tier 4,5244
365,"Shramsadhana Bombay Trust, College of Engineering & Technology, Jalgaon",2-3,Tier 4,5104
366,"K.V.N. Naik S. P. Sansth's Loknete Gopinathji Munde Institute of Engineering Education & Research, Nashik.",2-3,Tier 4,5390
367,"Matoshri College of Engineering and Research Centre, Eklahare, Nashik",2-3,Tier 4,5177
368,"Pravara Rural Education Society's Sir Visvesvaraya Institute of Technology, Chincholi Dist. Nashik",2-3,Tier 4,5125
369,"Hon. Shri. Babanrao Pachpute Vichardhara Trust, Group of Institutions (Integrated Campus)-Parikrama, Kashti Shrigondha,",2-3,Tier 4,5303
370,"Kalyani Charitable Trust, Late Gambhirrao Natuba Sapkal College of Engineering, Anjaneri, Trimbakeshwar Road, Nashik",2-3,Tier 4,5182
371,"Brahma Valley College of Engineering & Research, Trimbakeshwar, Nashik",2-3,Tier 4,5130
372,"P.S.G.V.P. Mandal's D.N. Patel College of Engineering, Shahada, Dist. Nandurbar",2-3,Tier 4,5164
373,"Khandesh College Education Society's College Of Engineering And Management, Jalgaon",2-3,Tier 4,5106
374,"Adsul's Technical Campus, Chas Dist. Ahmednagar",2-3,Tier 4,5380
375,"Amruta Vaishnavi Education & Welfare Trust's Shatabdi Institute of Engineering & Research, Agaskhind Tal. Sinnar",2-3,Tier 4,5184
376,"Hindi Seva Mandal's Shri Sant Gadgebaba College of Engineering & Technology, Bhusawal",2-3,Tier 4,5170
377,"Nagaon Education Society's Gangamai College of Engineering, Nagaon, Tal Dist Dhule",2-3,Tier 4,5169
378,"Vidya Niketan College of Engineering, Bota Sangamner",2-3,Tier 4,5408
379,"Rajiv Gandhi College of Engineering, At Post Karjule Hariya Tal.Parner, Dist.Ahmednagar",2-3,Tier 4,5409
380,"Vardhaman Education & Welfare Society, Ahinsa Institute of Technology, Post. Dondaicha, Dhule",2-3,Tier 4,5365